ContractID,FarmerID,BuyerID,Crop,Quantity,Amount,PastDefaults,WeatherRiskIndex,FarmerReliability,ContractBreach
C1000,F119,B869,Wheat,17,58769,0,0.16,0.84,0
C1001,F952,B314,Rice,61,228567,0,0.54,0.6,0
C1002,F608,B180,Cotton,74,225848,0,0.95,0.71,0
C1003,F187,B804,Rice,32,87424,0,0.94,0.99,1
C1004,F752,B654,Rice,20,79940,0,0.62,0.86,0
C1005,F792,B547,Cotton,61,141459,3,0.03,0.67,1
C1006,F563,B234,Cotton,38,145198,0,0.87,0.73,0
C1007,F593,B645,Maize,12,31632,0,0.28,0.65,1
C1008,F701,B589,Cotton,70,220710,0,0.06,0.89,0
C1009,F900,B625,Cotton,97,210684,2,0.76,0.72,1
C1010,F930,B547,Cotton,12,42588,3,0.99,0.25,0
C1011,F855,B941,Maize,49,151704,0,0.09,0.85,0
C1012,F917,B651,Maize,24,64248,0,0.48,0.79,0
C1013,F564,B529,Maize,40,127520,0,0.24,0.86,0
C1014,F321,B182,Rice,19,62567,3,0.68,0.31,1
C1015,F201,B398,Maize,47,171832,0,0.88,0.95,0
C1016,F829,B933,Rice,25,74025,0,0.28,0.5,0
C1017,F705,B152,Cotton,27,66636,0,0.48,0.85,0
C1018,F402,B873,Rice,83,245763,0,0.75,0.78,0
C1019,F844,B842,Maize,58,199984,0,0.0,0.72,0
C1020,F473,B901,Maize,44,89760,0,0.98,0.75,0
C1021,F255,B367,Cotton,91,309036,0,0.49,0.86,0
C1022,F696,B341,Cotton,37,79365,2,0.54,0.51,1
C1023,F290,B349,Maize,63,180243,0,0.51,0.66,1
C1024,F403,B934,Rice,16,59424,0,1.0,0.74,0
C1025,F530,B630,Maize,42,127890,3,0.39,0.23,0
C1026,F919,B977,Cotton,10,35080,0,0.2,0.57,1
C1027,F575,B721,Rice,39,155688,0,0.72,0.73,0
C1028,F138,B952,Cotton,98,363678,0,0.75,0.64,1
C1029,F259,B873,Rice,24,54120,0,0.76,0.67,1
C1030,F488,B556,Cotton,74,287268,0,0.42,0.72,0
C1031,F183,B453,Rice,28,80248,2,0.55,0.52,0
C1032,F816,B803,Wheat,14,45220,0,0.18,0.8,0
C1033,F663,B801,Rice,44,117964,0,0.13,0.67,1
C1034,F608,B649,Cotton,29,73428,0,0.49,0.51,0
C1035,F874,B403,Maize,61,194102,0,0.56,0.7,0
C1036,F913,B197,Wheat,74,258852,0,0.71,0.84,0
C1037,F845,B734,Rice,49,145383,0,0.74,0.65,0
C1038,F102,B868,Rice,37,95534,0,0.47,0.75,0
C1039,F272,B587,Rice,41,157932,0,0.91,0.99,0
C1040,F740,B697,Wheat,59,161011,0,0.4,0.8,0
C1041,F117,B433,Wheat,29,105096,3,0.33,0.25,0
C1042,F477,B250,Rice,58,225562,1,0.97,0.71,1
C1043,F931,B955,Maize,35,88760,0,0.35,0.85,0
C1044,F800,B163,Rice,74,256632,0,0.67,1.0,0
C1045,F167,B883,Rice,88,244816,0,0.42,0.92,0
C1046,F662,B520,Rice,92,236164,0,0.46,0.71,0
C1047,F312,B535,Wheat,61,233874,0,0.73,0.77,0
C1048,F537,B351,Rice,82,164984,0,0.18,0.57,0
C1049,F957,B970,Maize,47,112377,1,0.81,0.66,1
C1050,F661,B234,Rice,55,161755,0,0.74,0.82,0
C1051,F684,B699,Rice,66,158400,0,0.99,0.89,0
C1052,F373,B982,Maize,76,204972,0,0.73,0.67,0
C1053,F737,B391,Wheat,99,393129,0,0.75,0.85,0
C1054,F919,B479,Wheat,80,230880,2,0.54,0.66,1
C1055,F793,B627,Cotton,80,310240,0,0.79,0.76,1
C1056,F757,B483,Rice,29,103617,0,0.68,0.81,1
C1057,F429,B181,Maize,44,158268,0,0.65,0.79,0
C1058,F873,B874,Rice,89,345498,2,0.29,0.5,0
C1059,F345,B816,Wheat,92,239292,0,0.43,0.81,1
C1060,F899,B348,Wheat,44,173580,0,0.24,0.96,0
C1061,F908,B587,Rice,80,192640,0,0.88,0.7,0
C1062,F336,B409,Cotton,18,45972,0,0.85,0.71,1
C1063,F858,B182,Rice,45,115380,1,0.01,0.89,0
C1064,F410,B254,Wheat,61,181048,0,0.75,0.56,1
C1065,F540,B794,Wheat,77,268422,0,0.74,0.76,0
C1066,F350,B145,Maize,86,323188,0,0.29,0.89,1
C1067,F243,B652,Cotton,16,40944,0,0.4,0.76,1
C1068,F625,B943,Rice,22,45958,0,0.05,0.69,0
C1069,F718,B979,Rice,32,84352,0,0.43,0.88,0
C1070,F750,B659,Cotton,82,314142,1,0.16,0.77,0
C1071,F447,B889,Rice,62,224998,0,0.65,0.67,0
C1072,F735,B796,Maize,96,290880,0,0.16,0.93,1
C1073,F971,B976,Maize,55,155980,0,0.29,0.58,1
C1074,F383,B674,Maize,71,278675,0,0.63,0.91,0
C1075,F499,B324,Rice,41,151126,0,0.99,0.94,0
C1076,F188,B283,Wheat,28,88060,0,0.04,0.76,0
C1077,F543,B898,Rice,44,97416,0,0.9,0.98,0
C1078,F239,B845,Maize,37,115329,1,0.22,0.75,1
C1079,F333,B487,Wheat,86,176816,0,0.65,0.52,0
C1080,F880,B850,Maize,70,173740,0,0.42,0.53,1
C1081,F497,B520,Wheat,45,92880,0,0.17,0.56,0
C1082,F957,B504,Cotton,87,335124,1,0.43,0.43,1
C1083,F764,B120,Cotton,72,216288,0,0.99,0.89,0
C1084,F896,B839,Wheat,39,80535,0,0.74,0.68,0
C1085,F329,B706,Rice,82,203606,0,0.35,0.64,0
C1086,F847,B412,Wheat,58,132182,0,0.22,1.0,0
C1087,F695,B721,Cotton,12,33888,0,0.41,0.67,0
C1088,F999,B162,Wheat,83,305108,0,0.37,0.95,0
C1089,F524,B954,Rice,92,213992,0,0.12,1.0,0
C1090,F708,B823,Maize,78,182910,1,0.57,0.65,1
C1091,F817,B280,Wheat,40,117160,0,0.73,0.82,1
C1092,F244,B110,Wheat,88,315568,1,0.51,0.84,1
C1093,F212,B422,Maize,29,112926,0,0.32,0.81,0
C1094,F458,B918,Wheat,95,333450,0,0.81,0.79,1
C1095,F992,B283,Cotton,18,37692,0,0.82,0.59,0
C1096,F738,B374,Maize,76,247684,0,0.94,0.79,0
C1097,F174,B768,Cotton,52,129012,0,0.72,0.98,0
C1098,F993,B428,Rice,23,72726,0,0.27,0.75,0
C1099,F166,B278,Rice,49,183946,0,0.32,0.88,0
C1100,F272,B709,Maize,11,26950,2,0.61,0.39,0
C1101,F868,B921,Maize,16,47280,0,0.9,0.58,0
C1102,F776,B723,Rice,97,301767,1,0.02,0.64,0
C1103,F782,B725,Wheat,81,299376,0,0.67,0.89,0
C1104,F220,B338,Rice,35,92295,0,0.23,0.55,1
C1105,F573,B583,Cotton,56,192416,0,0.49,0.79,0
C1106,F196,B857,Rice,35,138005,0,0.97,0.93,0
C1107,F871,B766,Rice,82,191060,0,0.15,0.56,0
C1108,F140,B378,Cotton,93,242172,0,0.89,0.96,1
C1109,F551,B496,Maize,48,178416,0,0.59,0.87,0
C1110,F723,B142,Maize,38,76874,0,0.54,0.92,0
C1111,F131,B563,Rice,95,363185,0,0.35,0.78,1
C1112,F228,B676,Rice,48,188304,0,0.77,0.56,0
C1113,F836,B789,Rice,17,44948,0,0.58,0.9,0
C1114,F491,B383,Rice,96,226368,0,0.5,0.94,0
C1115,F197,B789,Maize,77,260953,0,0.22,0.88,0
C1116,F526,B243,Maize,48,136512,0,0.44,0.51,0
C1117,F862,B285,Wheat,10,33510,2,0.3,0.72,0
C1118,F201,B369,Wheat,89,287381,0,0.75,0.91,1
C1119,F849,B334,Cotton,54,162702,0,0.57,0.81,0
C1120,F692,B183,Maize,41,138375,2,0.95,0.37,0
C1121,F302,B177,Maize,77,231462,0,0.92,0.81,0
C1122,F747,B618,Maize,85,230945,0,0.57,0.57,1
C1123,F495,B977,Rice,85,327165,0,0.08,0.88,0
C1124,F851,B872,Maize,16,57504,2,0.85,0.55,1
C1125,F407,B352,Rice,39,101673,0,0.7,0.66,1
C1126,F591,B478,Maize,95,311505,3,0.53,0.69,0
C1127,F648,B781,Wheat,51,132906,0,0.32,0.68,0
C1128,F723,B409,Rice,53,190747,0,0.3,0.79,0
C1129,F495,B734,Cotton,45,132930,3,0.89,0.38,1
C1130,F452,B248,Cotton,39,84474,0,0.35,0.63,0
C1131,F147,B748,Wheat,72,258984,0,0.78,0.64,1
C1132,F961,B389,Maize,80,241040,3,0.95,0.41,1
C1133,F393,B489,Maize,68,256700,0,0.55,0.53,0
C1134,F238,B387,Wheat,50,140400,2,0.26,0.35,0
C1135,F965,B772,Wheat,14,54908,0,0.93,0.82,0
C1136,F768,B829,Maize,68,253300,0,0.37,0.94,0
C1137,F415,B707,Cotton,59,146969,0,0.77,0.63,0
C1138,F579,B653,Cotton,25,91975,0,0.6,0.71,0
C1139,F957,B284,Rice,35,102515,0,0.96,0.86,0
C1140,F960,B846,Cotton,91,323960,0,0.73,0.68,1
C1141,F847,B898,Rice,29,86536,1,0.94,0.78,1
C1142,F475,B744,Wheat,40,88560,0,0.76,0.76,0
C1143,F842,B121,Cotton,71,179630,0,0.36,0.5,0
C1144,F782,B338,Rice,11,41206,0,0.14,0.61,0
C1145,F229,B628,Wheat,26,100906,2,0.38,0.32,0
C1146,F746,B411,Wheat,47,127793,0,0.32,0.54,0
C1147,F337,B424,Maize,18,55854,0,0.43,0.66,0
C1148,F826,B510,Rice,61,240157,1,0.9,0.89,1
C1149,F215,B389,Maize,29,108460,0,0.25,0.79,0
C1150,F758,B465,Rice,100,232100,0,0.62,0.67,0
C1151,F755,B823,Rice,20,48260,0,0.91,0.67,0
C1152,F107,B851,Wheat,64,243008,0,0.74,0.74,1
C1153,F700,B473,Maize,80,256720,2,0.66,0.75,0
C1154,F816,B932,Cotton,22,50688,0,0.23,0.71,1
C1155,F955,B597,Wheat,73,151402,0,0.64,0.57,1
C1156,F749,B157,Rice,75,179700,0,0.21,0.86,0
C1157,F282,B806,Wheat,89,278837,3,0.07,0.45,1
C1158,F558,B437,Rice,34,81498,0,0.27,0.72,0
C1159,F244,B147,Wheat,42,98784,0,0.33,0.98,0
C1160,F163,B212,Cotton,37,138898,0,0.1,0.52,0
C1161,F246,B949,Rice,90,194130,0,0.8,0.52,0
C1162,F615,B956,Maize,88,340032,0,0.91,0.92,1
C1163,F814,B500,Rice,62,202554,0,0.61,0.66,1
C1164,F208,B531,Maize,51,168657,0,0.36,0.65,0
C1165,F693,B485,Rice,46,104512,3,0.03,0.46,1
C1166,F755,B953,Maize,24,83280,0,0.89,0.96,0
C1167,F377,B838,Maize,82,282982,0,0.57,0.91,0
C1168,F908,B845,Cotton,23,65964,1,0.77,0.86,1
C1169,F758,B732,Rice,92,339848,3,0.5,0.55,0
C1170,F776,B203,Wheat,89,196156,2,0.78,0.6,0
C1171,F436,B392,Wheat,52,195208,0,0.9,1.0,1
C1172,F966,B397,Maize,55,209990,0,0.68,0.95,0
C1173,F249,B407,Maize,38,82802,0,0.89,0.94,0
C1174,F434,B345,Rice,83,303614,0,0.94,0.52,0
C1175,F926,B692,Maize,77,188034,3,0.3,0.62,0
C1176,F441,B622,Maize,16,48240,0,0.25,0.9,0
C1177,F729,B830,Wheat,91,274001,0,0.42,0.81,0
C1178,F106,B280,Cotton,34,79288,0,0.4,0.79,0
C1179,F169,B233,Rice,63,224028,3,0.23,0.24,0
C1180,F415,B858,Rice,93,312387,0,0.84,0.61,1
C1181,F368,B101,Wheat,37,146335,0,0.98,0.67,1
C1182,F190,B852,Cotton,87,318246,0,0.19,0.6,0
C1183,F957,B791,Maize,62,135346,0,0.07,0.73,0
C1184,F820,B667,Wheat,60,216480,0,0.06,0.74,0
C1185,F883,B273,Maize,66,152196,0,0.53,0.77,1
C1186,F937,B813,Maize,96,233952,0,0.09,0.92,0
C1187,F276,B151,Wheat,47,175874,0,0.58,0.6,0
C1188,F903,B267,Wheat,29,86043,0,0.71,0.93,0
C1189,F219,B668,Wheat,55,187110,0,0.8,0.53,1
C1190,F418,B531,Maize,92,282532,0,0.06,0.99,0
C1191,F101,B913,Wheat,47,155805,0,0.04,0.55,0
C1192,F321,B970,Rice,52,189020,0,0.29,0.56,0
C1193,F708,B159,Cotton,23,73807,0,0.84,0.94,0
C1194,F794,B519,Cotton,53,185765,0,0.44,0.6,1
C1195,F975,B964,Wheat,40,92160,0,0.82,0.79,0
C1196,F364,B963,Wheat,16,39856,0,0.3,0.74,1
C1197,F817,B620,Wheat,37,132719,0,0.81,0.78,1
C1198,F504,B187,Cotton,58,187572,0,0.83,0.99,0
C1199,F225,B468,Cotton,88,235664,0,0.33,0.9,0
C1200,F182,B475,Cotton,25,59700,2,0.52,0.46,1
C1201,F396,B953,Maize,69,173397,2,0.54,0.64,0
C1202,F187,B172,Rice,89,209328,0,0.44,0.69,0
C1203,F545,B580,Cotton,82,225418,0,0.83,0.52,1
C1204,F914,B517,Rice,31,66123,0,0.18,0.97,0
C1205,F176,B747,Maize,15,41010,0,0.7,0.68,0
C1206,F637,B167,Rice,65,225485,0,0.65,0.97,0
C1207,F100,B348,Maize,44,90200,1,0.91,0.87,0
C1208,F147,B724,Cotton,94,248724,0,0.72,0.73,0
C1209,F763,B847,Cotton,33,91971,0,0.61,0.76,1
C1210,F682,B640,Wheat,77,176638,3,0.39,0.48,1
C1211,F586,B872,Maize,98,283220,3,0.87,0.25,1
C1212,F483,B646,Cotton,88,217184,0,0.61,0.95,0
C1213,F247,B548,Cotton,74,181004,2,0.32,0.4,0
C1214,F572,B964,Wheat,86,220074,3,0.85,0.42,0
C1215,F579,B283,Maize,82,195406,0,0.94,0.76,0
C1216,F968,B220,Wheat,61,170922,0,0.98,0.98,0
C1217,F627,B673,Wheat,72,148320,0,0.58,0.94,0
C1218,F627,B637,Rice,32,103776,1,0.57,0.48,0
C1219,F193,B577,Maize,54,215730,0,0.86,0.77,0
C1220,F300,B794,Rice,41,100409,0,0.21,0.58,1
C1221,F296,B375,Wheat,70,159530,0,0.41,0.5,1
C1222,F611,B519,Wheat,33,98208,0,0.99,0.91,0
C1223,F336,B738,Maize,66,144738,0,0.71,0.95,1
C1224,F391,B235,Cotton,96,312768,0,0.45,0.6,1
C1225,F306,B402,Wheat,29,106517,3,0.22,0.37,0
C1226,F263,B832,Cotton,21,79233,0,0.33,0.84,0
C1227,F761,B619,Maize,46,174846,0,0.55,0.76,0
C1228,F600,B875,Rice,64,221120,0,0.78,0.63,1
C1229,F405,B154,Cotton,99,333432,0,0.96,0.86,0
C1230,F219,B158,Wheat,90,347580,0,0.72,0.53,0
C1231,F535,B680,Cotton,15,38295,0,0.25,0.89,0
C1232,F391,B304,Cotton,19,58083,0,0.05,0.61,0
C1233,F121,B787,Cotton,53,159424,2,0.85,0.55,1
C1234,F550,B706,Rice,43,142932,0,0.93,0.8,1
C1235,F318,B545,Maize,88,346104,1,0.69,0.51,1
C1236,F292,B377,Cotton,10,29230,0,0.83,0.89,0
C1237,F813,B618,Cotton,42,163338,0,0.35,0.61,1
C1238,F684,B354,Wheat,48,190848,0,0.04,0.58,0
C1239,F828,B585,Rice,54,213300,0,0.59,0.56,0
C1240,F464,B989,Maize,57,219051,0,0.98,0.6,1
C1241,F632,B224,Maize,59,126378,0,0.77,0.55,1
C1242,F803,B749,Maize,47,165064,0,0.13,0.93,0
C1243,F943,B893,Cotton,52,150384,0,0.12,0.8,0
C1244,F506,B563,Wheat,93,325407,0,0.14,0.84,0
C1245,F350,B774,Cotton,59,154875,0,0.1,0.96,1
C1246,F494,B612,Rice,23,59225,0,0.19,0.99,0
C1247,F751,B827,Maize,54,176040,3,0.15,0.38,0
C1248,F979,B507,Maize,22,65538,0,0.48,0.61,0
C1249,F583,B503,Wheat,72,248544,0,0.13,0.81,1
C1250,F238,B183,Cotton,98,305564,0,0.31,0.89,0
C1251,F391,B221,Rice,99,334125,0,0.3,0.63,1
C1252,F940,B838,Rice,27,90558,0,0.23,0.62,0
C1253,F496,B990,Wheat,61,219966,0,0.6,0.95,1
C1254,F408,B319,Cotton,80,163280,0,0.93,0.87,0
C1255,F368,B445,Rice,27,91692,3,0.79,0.41,1
C1256,F201,B433,Wheat,73,261851,3,0.41,0.65,1
C1257,F745,B797,Cotton,84,212688,3,0.92,0.64,0
C1258,F293,B154,Wheat,71,184529,0,0.75,0.54,0
C1259,F549,B462,Rice,63,233100,1,0.53,0.81,0
C1260,F761,B228,Cotton,79,172536,3,0.12,0.21,0
C1261,F266,B218,Cotton,42,150360,2,0.82,0.74,0
C1262,F778,B804,Wheat,52,111176,0,0.1,0.89,0
C1263,F450,B571,Maize,72,218592,0,0.29,0.87,1
C1264,F767,B380,Cotton,36,92664,0,0.18,0.58,1
C1265,F852,B777,Rice,85,247265,0,0.32,0.54,0
C1266,F756,B356,Maize,64,242112,0,0.65,0.57,1
C1267,F885,B259,Maize,67,215070,0,0.23,0.55,1
C1268,F638,B159,Cotton,53,206806,0,0.35,0.61,0
C1269,F550,B553,Maize,22,55528,2,0.78,0.42,0
C1270,F402,B681,Wheat,28,83496,0,0.63,0.83,0
C1271,F667,B944,Cotton,39,148239,0,0.27,0.67,0
C1272,F811,B582,Rice,57,215631,0,0.13,0.99,0
C1273,F213,B728,Cotton,18,48726,0,0.87,0.85,1
C1274,F533,B464,Cotton,48,115824,0,0.11,0.67,0
C1275,F392,B858,Wheat,85,216410,0,0.78,0.8,0
C1276,F591,B134,Rice,56,158144,0,0.26,0.92,0
C1277,F420,B418,Cotton,23,65780,0,0.39,0.94,0
C1278,F850,B665,Maize,82,244114,0,0.22,0.95,0
C1279,F454,B625,Rice,78,217776,0,0.41,0.63,0
C1280,F421,B235,Maize,69,202998,0,0.16,0.5,0
C1281,F950,B603,Rice,29,105038,0,0.96,0.51,0
C1282,F307,B382,Wheat,98,213052,3,0.23,0.59,0
C1283,F698,B706,Maize,28,81508,0,0.34,0.6,0
C1284,F566,B564,Cotton,67,199124,0,0.11,0.77,0
C1285,F451,B325,Cotton,84,324996,3,0.15,0.58,0
C1286,F306,B892,Wheat,65,165750,0,0.25,0.69,0
C1287,F218,B811,Maize,92,234416,0,0.09,0.77,0
C1288,F149,B986,Wheat,67,180833,3,0.35,0.22,0
C1289,F494,B341,Cotton,87,321204,0,0.61,1.0,1
C1290,F330,B857,Maize,91,238602,0,0.73,0.57,0
C1291,F847,B669,Wheat,43,148909,0,0.35,0.68,1
C1292,F317,B937,Rice,100,373500,0,0.28,0.93,0
C1293,F810,B269,Wheat,100,398300,0,0.19,0.63,0
C1294,F218,B776,Rice,64,199680,2,0.76,0.48,1
C1295,F797,B124,Cotton,99,377883,0,0.75,0.85,0
C1296,F350,B145,Rice,12,45276,0,0.61,0.86,0
C1297,F937,B749,Maize,69,165117,0,0.15,0.76,0
C1298,F993,B293,Rice,67,195707,0,0.6,0.87,1
C1299,F447,B106,Cotton,40,159280,0,0.67,0.67,0
C1300,F814,B978,Cotton,51,140250,0,0.08,0.53,1
C1301,F275,B417,Wheat,63,214137,0,0.81,0.7,0
C1302,F552,B280,Cotton,98,373282,0,0.07,0.84,0
C1303,F963,B962,Wheat,94,279932,0,0.81,0.81,1
C1304,F723,B854,Maize,13,26650,0,0.44,0.5,0
C1305,F773,B828,Maize,95,241205,0,0.53,0.51,1
C1306,F887,B849,Maize,74,171902,0,0.46,0.63,0
C1307,F739,B567,Rice,75,274500,3,0.06,0.53,0
C1308,F726,B528,Rice,70,183260,3,0.81,0.27,1
C1309,F875,B679,Cotton,81,176013,0,0.19,0.64,0
C1310,F432,B529,Rice,45,126810,0,0.54,0.82,0
C1311,F941,B254,Wheat,24,72432,2,0.17,0.65,0
C1312,F941,B635,Maize,82,304548,1,0.55,0.57,0
C1313,F637,B731,Cotton,90,253260,2,0.25,0.53,0
C1314,F491,B815,Maize,33,100815,0,0.57,0.6,0
C1315,F529,B484,Rice,65,175435,0,0.59,0.52,1
C1316,F805,B715,Cotton,99,346698,0,0.6,0.6,1
C1317,F952,B867,Maize,74,278758,0,0.49,0.55,1
C1318,F803,B179,Maize,24,84192,0,0.54,0.92,0
C1319,F329,B794,Cotton,34,112404,2,0.54,0.63,0
C1320,F681,B975,Wheat,52,183300,0,0.67,0.69,0
C1321,F636,B143,Rice,85,272680,0,0.33,0.98,1
C1322,F728,B923,Cotton,66,190608,0,0.77,0.9,0
C1323,F293,B544,Maize,80,252720,3,0.49,0.31,1
C1324,F322,B436,Cotton,69,149799,0,0.47,0.99,0
C1325,F649,B660,Maize,21,51681,0,0.45,0.61,0
C1326,F953,B799,Cotton,73,178777,3,0.55,0.23,1
C1327,F370,B603,Maize,98,381514,0,0.81,0.85,0
C1328,F311,B891,Rice,14,29708,0,0.02,0.92,0
C1329,F324,B360,Wheat,60,149160,1,0.58,0.46,0
C1330,F425,B535,Maize,26,90350,0,0.69,0.93,0
C1331,F786,B308,Wheat,66,174504,0,0.61,0.62,0
C1332,F355,B524,Maize,70,180390,3,0.47,0.34,1
C1333,F485,B655,Maize,23,74405,3,0.72,0.42,1
C1334,F151,B379,Maize,12,24492,0,0.78,0.52,1
C1335,F940,B561,Wheat,94,300142,0,0.99,1.0,0
C1336,F757,B433,Rice,72,230688,0,0.47,0.74,0
C1337,F633,B343,Wheat,56,140280,0,0.91,0.69,0
C1338,F516,B893,Maize,54,129330,0,0.83,0.52,1
C1339,F638,B187,Cotton,59,140066,0,0.96,0.75,1
C1340,F120,B655,Rice,56,133112,0,0.89,0.76,0
C1341,F169,B461,Rice,59,209922,2,0.43,0.76,0
C1342,F657,B864,Rice,99,228987,0,0.28,0.84,1
C1343,F795,B133,Rice,85,336515,3,0.1,0.24,0
C1344,F605,B335,Cotton,40,117560,3,0.9,0.31,1
C1345,F344,B834,Maize,31,87947,0,0.54,0.56,0
C1346,F503,B556,Maize,90,295560,1,0.86,0.53,0
C1347,F416,B751,Rice,29,80040,0,0.26,0.94,0
C1348,F539,B658,Maize,98,255584,0,0.56,0.85,0
C1349,F126,B982,Maize,42,142170,0,0.11,0.88,0
C1350,F918,B229,Wheat,64,204416,3,0.5,0.28,0
C1351,F231,B529,Maize,74,168868,0,0.85,0.62,0
C1352,F681,B159,Rice,49,161553,0,0.58,0.64,0
C1353,F689,B670,Wheat,59,159477,1,0.02,0.86,0
C1354,F206,B594,Wheat,77,181181,0,0.0,0.56,0
C1355,F494,B771,Maize,99,258588,2,0.43,0.44,1
C1356,F282,B741,Cotton,90,255420,1,0.75,0.45,1
C1357,F657,B908,Wheat,27,90423,0,0.57,0.62,0
C1358,F508,B577,Rice,49,129850,0,0.64,0.64,1
C1359,F858,B929,Rice,100,295400,0,0.13,0.95,0
C1360,F198,B572,Cotton,54,210708,1,0.96,0.62,1
C1361,F941,B305,Wheat,28,71736,0,0.81,0.96,0
C1362,F563,B612,Wheat,59,227622,0,0.36,0.69,1
C1363,F961,B858,Maize,89,228018,0,0.51,0.55,0
C1364,F993,B122,Wheat,31,81158,0,0.75,0.98,0
C1365,F427,B702,Rice,24,88176,1,0.87,0.41,1
C1366,F517,B965,Cotton,60,172380,0,0.25,0.87,1
C1367,F443,B527,Cotton,68,188088,0,0.11,0.6,0
C1368,F291,B710,Maize,41,121688,0,0.88,0.87,0
C1369,F503,B463,Maize,44,140580,3,0.32,0.42,0
C1370,F684,B161,Wheat,89,223657,0,0.2,0.58,0
C1371,F131,B236,Maize,29,94540,1,0.76,0.48,1
C1372,F224,B709,Maize,34,132430,2,0.13,0.65,0
C1373,F465,B483,Rice,24,79176,0,0.87,0.73,1
C1374,F928,B119,Cotton,30,99150,0,0.76,0.95,0
C1375,F730,B221,Cotton,62,125488,3,0.23,0.57,0
C1376,F307,B653,Maize,42,135492,0,0.18,0.68,0
C1377,F536,B108,Wheat,73,223307,0,0.14,0.72,1
C1378,F645,B766,Wheat,74,173308,0,0.11,0.63,0
C1379,F464,B969,Cotton,19,59470,0,0.83,0.64,0
C1380,F201,B402,Wheat,81,193752,3,0.17,0.69,0
C1381,F838,B495,Cotton,99,329868,3,0.28,0.32,1
C1382,F130,B778,Wheat,87,201405,1,0.11,0.69,0
C1383,F330,B603,Wheat,77,252868,0,0.82,0.81,1
C1384,F684,B110,Wheat,72,249912,3,0.03,0.36,1
C1385,F506,B739,Maize,80,310240,0,0.57,0.54,1
C1386,F647,B190,Rice,61,189039,0,0.56,0.93,0
C1387,F896,B430,Rice,21,48069,0,0.47,0.61,1
C1388,F477,B966,Rice,10,21680,0,0.98,0.55,1
C1389,F449,B725,Cotton,11,28908,0,0.83,0.53,1
C1390,F836,B654,Cotton,74,229030,0,0.76,0.84,0
C1391,F879,B820,Wheat,61,243390,2,0.59,0.73,0
C1392,F234,B949,Cotton,75,250575,1,0.88,0.69,0
C1393,F123,B782,Wheat,70,151900,0,0.93,0.83,1
C1394,F520,B747,Wheat,49,181251,3,0.09,0.28,1
C1395,F847,B208,Maize,64,141952,0,0.19,0.75,0
C1396,F583,B133,Wheat,82,205738,2,1.0,0.36,1
C1397,F686,B620,Maize,29,89726,0,0.48,0.61,0
C1398,F583,B835,Cotton,18,65772,0,0.09,0.82,0
C1399,F719,B454,Cotton,29,109011,1,0.2,0.78,1
C1400,F525,B521,Rice,39,117858,0,0.05,0.78,1
C1401,F589,B516,Rice,51,140301,3,0.61,0.56,1
C1402,F621,B894,Wheat,77,303765,0,0.44,0.8,0
C1403,F525,B405,Maize,96,292800,0,0.97,0.72,1
C1404,F310,B159,Wheat,22,87604,0,0.87,0.97,1
C1405,F678,B433,Cotton,90,280800,1,0.05,0.8,0
C1406,F967,B558,Maize,41,130913,0,0.56,0.78,0
C1407,F383,B634,Cotton,16,42848,0,0.74,0.65,1
C1408,F713,B204,Wheat,78,180024,0,0.65,0.54,0
C1409,F172,B928,Wheat,65,253955,0,0.81,0.6,0
C1410,F749,B678,Maize,36,129744,0,0.73,0.92,0
C1411,F152,B944,Wheat,65,172575,0,0.04,0.97,0
C1412,F767,B255,Cotton,100,245500,0,0.53,0.68,0
C1413,F242,B430,Wheat,74,237762,1,0.3,0.72,0
C1414,F779,B358,Cotton,81,167346,0,0.81,0.93,0
C1415,F505,B847,Maize,82,221892,3,0.09,0.6,0
C1416,F747,B819,Rice,28,68068,0,0.88,0.97,0
C1417,F100,B147,Maize,49,175028,0,0.09,0.63,0
C1418,F826,B883,Maize,19,56202,0,0.36,0.94,0
C1419,F156,B968,Cotton,48,119280,0,0.47,0.63,1
C1420,F534,B993,Rice,67,254064,0,0.45,1.0,0
C1421,F554,B895,Maize,67,245756,0,0.0,0.56,0
C1422,F868,B988,Wheat,76,282872,0,0.73,0.59,1
C1423,F421,B287,Cotton,60,141720,2,0.81,0.43,1
C1424,F793,B301,Maize,15,58965,0,0.35,0.68,0
C1425,F101,B440,Maize,99,285318,0,0.5,0.86,0
C1426,F597,B634,Cotton,62,191084,0,0.35,0.92,0
C1427,F807,B774,Cotton,48,140592,0,0.06,0.53,0
C1428,F598,B246,Cotton,58,138446,0,0.15,0.7,0
C1429,F334,B730,Cotton,43,146415,3,0.7,0.53,1
C1430,F691,B238,Rice,28,93352,0,0.37,0.64,0
C1431,F626,B654,Rice,81,319707,0,0.65,0.7,0
C1432,F327,B952,Cotton,43,105049,0,0.73,0.75,0
C1433,F639,B404,Maize,30,100320,0,0.46,0.77,0
C1434,F265,B526,Maize,44,143264,0,0.25,0.7,0
C1435,F297,B517,Wheat,49,194775,0,0.76,0.73,1
C1436,F287,B239,Wheat,29,96744,0,0.33,0.62,0
C1437,F272,B246,Cotton,82,187862,2,0.54,0.54,1
C1438,F521,B433,Cotton,39,81588,3,0.55,0.4,1
C1439,F766,B439,Cotton,26,57980,0,0.53,0.53,0
C1440,F889,B398,Wheat,92,281980,0,0.24,0.75,0
C1441,F245,B949,Wheat,63,126000,0,0.62,0.91,0
C1442,F985,B838,Cotton,42,139482,0,0.35,0.82,0
C1443,F739,B696,Maize,28,64484,0,0.58,0.54,1
C1444,F337,B888,Rice,39,93015,0,0.53,0.66,0
C1445,F143,B426,Rice,53,110293,0,0.15,0.52,0
C1446,F692,B100,Maize,45,132840,0,0.42,0.73,0
C1447,F593,B281,Maize,88,249480,0,0.6,0.6,0
C1448,F293,B784,Maize,78,253188,2,0.98,0.33,1
C1449,F717,B305,Cotton,42,102690,0,0.69,0.67,0
C1450,F827,B444,Rice,66,169356,0,0.4,0.67,0
C1451,F510,B155,Wheat,33,97119,0,0.58,0.62,1
C1452,F379,B471,Maize,35,131705,0,0.54,0.89,0
C1453,F345,B158,Wheat,18,44082,1,0.83,0.53,0
C1454,F533,B114,Wheat,25,72700,0,0.3,0.61,0
C1455,F286,B547,Cotton,27,71793,0,0.33,0.51,0
C1456,F807,B154,Rice,10,37810,2,0.3,0.69,1
C1457,F352,B600,Rice,10,24800,0,0.36,0.84,0
C1458,F874,B288,Maize,27,101007,0,0.24,0.65,0
C1459,F158,B166,Cotton,54,135216,0,0.04,0.51,0
C1460,F926,B184,Maize,35,88690,1,0.35,0.67,0
C1461,F205,B198,Maize,26,98566,0,0.85,0.51,0
C1462,F303,B764,Cotton,51,129081,0,0.6,0.55,1
C1463,F761,B564,Maize,11,37015,0,0.73,0.94,0
C1464,F946,B135,Wheat,73,228344,0,0.5,0.56,0
C1465,F543,B509,Maize,22,60456,0,0.03,0.91,0
C1466,F334,B484,Wheat,94,228420,0,0.8,0.66,1
C1467,F402,B986,Wheat,82,188190,0,0.15,0.99,0
C1468,F719,B142,Maize,92,229816,0,0.75,0.64,1
C1469,F243,B900,Maize,80,307440,0,0.07,0.56,0
C1470,F977,B746,Maize,87,219066,0,0.6,0.97,0
C1471,F212,B194,Cotton,24,80400,0,0.03,0.97,0
C1472,F821,B277,Rice,38,87248,0,0.02,0.68,0
C1473,F573,B547,Cotton,56,219912,0,0.43,0.64,0
C1474,F485,B169,Wheat,38,120840,0,0.22,0.86,1
C1475,F276,B267,Cotton,72,165744,0,0.29,0.83,1
C1476,F411,B489,Rice,13,51363,0,0.68,0.9,0
C1477,F317,B128,Cotton,50,137850,3,0.54,0.57,0
C1478,F373,B951,Maize,52,154596,0,0.14,0.63,0
C1479,F738,B268,Wheat,45,140040,2,0.79,0.78,0
C1480,F275,B734,Cotton,37,90280,0,0.18,0.99,0
C1481,F970,B381,Maize,39,141492,0,0.89,0.88,0
C1482,F471,B811,Wheat,43,109392,0,0.89,0.75,0
C1483,F853,B241,Wheat,26,84058,3,0.86,0.63,1
C1484,F191,B117,Rice,77,205205,0,0.48,0.73,1
C1485,F344,B411,Wheat,33,89727,0,0.46,0.97,0
C1486,F114,B465,Rice,86,326972,1,0.14,0.6,1
C1487,F908,B268,Maize,97,305744,0,0.59,0.72,0
C1488,F991,B765,Maize,47,169717,0,0.16,0.8,0
C1489,F158,B901,Cotton,100,322900,0,0.67,0.84,0
C1490,F628,B139,Wheat,37,77737,0,0.24,0.72,0
C1491,F308,B532,Cotton,50,169800,0,0.09,0.56,0
C1492,F469,B510,Cotton,84,299628,0,0.44,0.65,1
C1493,F871,B240,Wheat,66,190080,0,0.63,0.7,0
C1494,F551,B512,Maize,86,198316,0,0.34,0.74,0
C1495,F462,B477,Maize,97,227077,0,0.7,0.84,0
C1496,F621,B801,Maize,57,155724,0,0.61,0.99,0
C1497,F452,B220,Cotton,37,111185,0,0.12,0.66,1
C1498,F312,B129,Cotton,11,40524,0,0.69,0.64,0
C1499,F544,B655,Cotton,100,387000,0,0.36,0.71,1
C1500,F537,B518,Cotton,55,157300,0,0.71,0.71,0
C1501,F339,B898,Wheat,74,255078,0,0.62,0.66,0
C1502,F470,B415,Cotton,68,173876,0,0.56,0.79,1
C1503,F625,B804,Wheat,36,141228,0,0.74,0.98,0
C1504,F751,B262,Maize,59,214996,0,0.66,0.56,1
C1505,F181,B793,Maize,93,233430,0,0.93,0.92,0
C1506,F251,B724,Rice,40,108760,0,0.5,0.51,0
C1507,F727,B234,Cotton,15,57750,0,0.91,0.62,0
C1508,F248,B239,Cotton,27,88668,0,0.08,0.53,0
C1509,F973,B331,Wheat,62,162316,1,0.03,0.68,0
C1510,F496,B685,Maize,87,267264,0,0.73,0.59,1
C1511,F612,B244,Cotton,46,108882,0,0.54,0.6,0
C1512,F593,B627,Wheat,30,62190,0,0.6,0.84,0
C1513,F202,B556,Maize,48,126816,0,0.5,0.53,0
C1514,F416,B795,Maize,11,35189,0,0.86,1.0,0
C1515,F919,B271,Wheat,67,154234,0,0.57,0.75,0
C1516,F933,B901,Cotton,61,188612,0,0.85,0.83,1
C1517,F112,B560,Maize,19,40508,0,0.83,0.85,1
C1518,F960,B294,Wheat,46,169188,0,0.53,0.88,0
C1519,F549,B675,Cotton,30,65040,0,0.59,0.58,0
C1520,F761,B489,Maize,29,109011,0,0.9,0.68,0
C1521,F270,B219,Rice,26,71344,3,0.26,0.21,1
C1522,F990,B698,Rice,98,241668,0,0.3,0.99,0
C1523,F172,B652,Maize,81,175203,0,0.38,0.51,0
C1524,F702,B511,Rice,40,80320,0,0.08,0.79,0
C1525,F847,B991,Maize,64,216256,1,0.44,0.68,1
C1526,F651,B202,Wheat,51,203082,0,0.31,0.79,1
C1527,F421,B170,Maize,57,223725,0,0.71,0.59,1
C1528,F458,B533,Rice,50,172300,1,0.59,0.62,1
C1529,F172,B971,Cotton,38,142424,0,0.48,0.99,0
C1530,F700,B210,Wheat,92,355120,3,0.41,0.66,0
C1531,F495,B193,Rice,83,182434,0,0.09,0.71,0
C1532,F755,B506,Maize,78,305838,0,0.14,0.52,0
C1533,F164,B783,Wheat,99,246510,0,0.57,0.51,1
C1534,F606,B450,Wheat,90,301050,0,0.44,1.0,1
C1535,F368,B969,Maize,76,199348,3,0.85,0.68,1
C1536,F267,B477,Rice,14,30912,0,0.91,0.88,0
C1537,F894,B826,Cotton,100,294700,3,0.66,0.61,1
C1538,F340,B207,Maize,49,190561,3,0.99,0.24,0
C1539,F831,B509,Rice,90,344880,0,0.04,0.71,1
C1540,F351,B792,Cotton,71,221236,0,0.4,0.76,0
C1541,F951,B364,Wheat,96,286464,0,0.74,0.88,0
C1542,F162,B717,Cotton,50,106700,0,0.06,0.95,0
C1543,F849,B532,Maize,62,231942,0,0.15,0.81,0
C1544,F661,B378,Cotton,36,96444,0,0.96,0.81,0
C1545,F783,B449,Cotton,55,175945,0,0.54,0.9,0
C1546,F167,B845,Cotton,84,311640,0,0.17,0.71,0
C1547,F599,B190,Cotton,60,206520,1,0.53,0.42,1
C1548,F474,B262,Cotton,68,257312,3,0.35,0.23,1
C1549,F309,B189,Cotton,53,145114,0,0.3,0.87,0
C1550,F809,B923,Wheat,15,32565,1,0.89,0.61,1
C1551,F934,B592,Cotton,17,58973,0,0.58,0.99,0
C1552,F121,B507,Rice,67,238319,0,0.12,0.61,0
C1553,F615,B748,Wheat,38,101802,0,0.11,0.61,0
C1554,F167,B730,Maize,86,189458,3,0.58,0.21,1
C1555,F587,B631,Rice,58,172260,0,0.27,0.82,0
C1556,F953,B850,Rice,98,247254,0,0.52,0.95,0
C1557,F281,B940,Rice,14,39648,0,0.1,0.99,0
C1558,F169,B517,Cotton,84,197484,3,0.78,0.67,0
C1559,F619,B836,Maize,31,62310,2,0.82,0.64,0
C1560,F672,B504,Rice,68,148784,0,0.2,0.52,0
C1561,F967,B874,Rice,82,248870,0,0.62,0.88,1
C1562,F191,B105,Cotton,55,131725,2,0.4,0.43,0
C1563,F816,B432,Maize,93,362700,0,0.22,0.53,0
C1564,F139,B547,Cotton,85,239955,0,0.09,0.94,0
C1565,F840,B799,Cotton,19,64467,2,0.27,0.35,1
C1566,F864,B211,Cotton,65,247000,0,0.96,0.55,1
C1567,F526,B631,Rice,13,34632,1,0.24,0.59,1
C1568,F121,B916,Wheat,13,36270,0,0.57,0.83,0
C1569,F622,B713,Wheat,18,47574,0,0.41,0.53,0
C1570,F203,B794,Cotton,77,154770,0,0.94,0.77,0
C1571,F998,B692,Cotton,55,155650,0,0.26,0.85,0
C1572,F566,B466,Maize,40,135200,0,0.87,0.54,0
C1573,F648,B451,Rice,99,221562,0,0.48,0.95,0
C1574,F337,B564,Maize,59,235646,0,0.7,0.62,1
C1575,F664,B416,Maize,75,219375,3,0.09,0.69,1
C1576,F820,B439,Maize,11,40909,0,0.84,0.62,1
C1577,F295,B847,Maize,93,351912,0,0.91,0.55,0
C1578,F597,B293,Maize,57,114798,0,0.0,0.98,1
C1579,F102,B891,Maize,68,241808,1,0.97,0.44,1
C1580,F292,B193,Cotton,62,230392,0,0.09,0.56,1
C1581,F212,B657,Rice,12,24180,0,0.51,1.0,0
C1582,F996,B438,Cotton,43,131924,0,0.87,0.63,1
C1583,F533,B466,Rice,27,101979,0,0.06,0.76,0
C1584,F764,B522,Wheat,30,65490,0,0.85,0.75,0
C1585,F724,B652,Maize,16,42640,0,0.84,0.96,0
C1586,F514,B373,Cotton,27,57861,3,0.78,0.41,1
C1587,F511,B485,Wheat,86,199348,0,0.18,0.71,0
C1588,F175,B506,Cotton,41,130585,2,0.04,0.3,0
C1589,F499,B821,Rice,76,194104,0,0.78,0.57,0
C1590,F343,B648,Maize,65,228215,0,0.8,0.79,0
C1591,F242,B391,Rice,52,137176,0,0.36,0.97,0
C1592,F448,B694,Cotton,48,162816,3,0.65,0.62,0
C1593,F419,B663,Maize,30,72750,1,0.12,0.85,0
C1594,F180,B184,Maize,57,212496,0,0.63,0.73,1
C1595,F109,B838,Wheat,80,240000,3,0.11,0.2,1
C1596,F841,B955,Cotton,23,50715,0,0.8,0.73,0
C1597,F889,B990,Rice,45,136125,0,0.76,0.67,0
C1598,F685,B174,Maize,56,170240,0,0.95,0.75,1
C1599,F500,B430,Cotton,62,172360,0,0.63,0.9,0
C1600,F334,B123,Cotton,93,233151,1,0.07,0.51,0
C1601,F985,B234,Wheat,17,45390,0,0.66,0.88,0
C1602,F712,B450,Cotton,69,180021,3,0.88,0.28,1
C1603,F904,B604,Cotton,21,70371,0,0.49,0.92,0
C1604,F378,B108,Cotton,53,192973,2,0.21,0.45,0
C1605,F796,B227,Cotton,19,45277,2,0.17,0.79,0
C1606,F223,B875,Maize,22,87252,0,0.85,0.79,0
C1607,F980,B442,Rice,85,255425,0,0.11,0.57,0
C1608,F601,B430,Cotton,21,44961,0,0.76,0.69,1
C1609,F377,B558,Maize,75,184500,0,0.53,0.93,1
C1610,F326,B455,Rice,91,212121,0,0.95,0.99,1
C1611,F114,B711,Wheat,49,181594,0,0.86,0.97,0
C1612,F495,B854,Wheat,80,204160,0,0.31,0.8,1
C1613,F394,B816,Wheat,67,161671,0,0.41,0.8,1
C1614,F685,B903,Rice,95,330790,0,0.75,0.95,0
C1615,F497,B461,Cotton,67,144050,0,0.87,0.77,0
C1616,F395,B574,Cotton,95,342190,0,0.77,0.58,0
C1617,F975,B548,Maize,39,149175,0,0.42,0.61,0
C1618,F653,B871,Wheat,89,199004,0,0.87,0.98,0
C1619,F850,B946,Wheat,58,148538,0,0.96,0.88,0
C1620,F128,B448,Cotton,66,237996,2,0.98,0.31,0
C1621,F450,B234,Wheat,65,143845,0,0.49,0.58,1
C1622,F201,B834,Wheat,11,40634,3,0.57,0.61,1
C1623,F537,B774,Rice,35,107065,0,0.11,0.9,0
C1624,F668,B875,Maize,64,247040,0,0.52,0.56,0
C1625,F373,B572,Wheat,58,198534,1,0.06,0.66,0
C1626,F164,B589,Maize,49,181251,0,0.34,0.6,1
C1627,F846,B957,Cotton,21,70875,0,0.73,0.8,0
C1628,F498,B794,Cotton,29,68208,1,0.76,0.55,0
C1629,F497,B776,Maize,74,148962,2,0.34,0.75,0
C1630,F499,B988,Rice,97,351916,0,0.73,0.96,1
C1631,F612,B650,Rice,23,65757,0,0.87,0.5,0
C1632,F270,B583,Wheat,35,88480,0,0.28,0.9,1
C1633,F565,B622,Wheat,28,66472,0,0.86,0.7,0
C1634,F741,B104,Cotton,41,104755,0,0.06,0.57,0
C1635,F732,B476,Wheat,59,152043,0,0.14,0.61,0
C1636,F980,B665,Cotton,91,247065,3,0.97,0.43,1
C1637,F129,B765,Rice,57,195111,0,0.19,0.71,1
C1638,F920,B259,Cotton,52,173784,0,0.88,0.57,0
C1639,F991,B315,Wheat,87,264045,0,0.57,0.7,0
C1640,F955,B690,Rice,58,148944,0,0.42,0.88,1
C1641,F714,B771,Maize,13,37167,0,0.18,0.83,0
C1642,F167,B366,Rice,47,187906,1,0.82,0.51,0
C1643,F735,B957,Maize,65,159965,3,0.95,0.67,1
C1644,F345,B208,Wheat,68,241876,0,0.62,0.86,0
C1645,F567,B683,Wheat,63,169596,0,1.0,0.51,1
C1646,F180,B616,Wheat,36,100368,0,0.42,0.61,1
C1647,F981,B850,Wheat,75,195825,0,0.6,0.77,1
C1648,F426,B609,Cotton,99,303534,0,0.46,0.85,0
C1649,F590,B707,Maize,24,63336,1,0.33,0.79,0
C1650,F774,B696,Cotton,50,182300,0,0.75,0.68,0
C1651,F473,B633,Rice,65,148720,0,0.43,0.83,0
C1652,F567,B791,Cotton,37,118807,0,0.14,0.7,0
C1653,F206,B791,Maize,81,164916,1,0.19,0.55,0
C1654,F763,B253,Rice,57,142899,0,0.42,0.63,1
C1655,F770,B387,Rice,18,38160,0,0.67,0.59,1
C1656,F300,B254,Maize,25,90250,0,0.88,0.52,1
C1657,F781,B901,Maize,34,118558,0,0.06,0.6,1
C1658,F863,B348,Cotton,16,37824,0,0.89,0.66,0
C1659,F317,B819,Wheat,14,46102,1,0.37,0.88,0
C1660,F810,B395,Cotton,43,144265,2,0.51,0.68,0
C1661,F457,B401,Rice,67,266057,1,0.59,0.68,1
C1662,F802,B317,Wheat,51,105978,0,0.81,0.66,1
C1663,F694,B847,Maize,34,71026,0,0.19,0.91,0
C1664,F462,B987,Maize,53,117872,3,0.71,0.45,0
C1665,F200,B574,Rice,82,234356,1,0.22,0.6,1
C1666,F694,B574,Rice,34,80002,0,0.15,0.66,0
C1667,F455,B466,Rice,41,88273,0,0.15,0.7,1
C1668,F998,B665,Wheat,63,175455,2,0.66,0.37,0
C1669,F636,B425,Cotton,20,71000,2,0.64,0.55,0
C1670,F407,B427,Rice,19,64372,1,0.25,0.85,0
C1671,F724,B368,Rice,62,164362,0,0.03,0.89,0
C1672,F569,B973,Rice,66,193578,0,0.39,0.76,0
C1673,F263,B756,Rice,52,185328,0,0.08,0.87,0
C1674,F500,B717,Wheat,40,89880,3,0.89,0.21,1
C1675,F486,B777,Maize,71,175228,1,0.53,0.88,0
C1676,F351,B767,Rice,38,133836,0,0.95,0.63,1
C1677,F647,B643,Rice,77,271964,0,0.58,0.79,1
C1678,F584,B541,Wheat,36,110016,0,0.35,0.87,0
C1679,F247,B726,Wheat,59,187561,0,0.54,0.54,1
C1680,F282,B949,Cotton,83,171478,0,0.18,0.75,0
C1681,F465,B720,Cotton,35,108850,0,0.5,0.55,1
C1682,F272,B211,Rice,60,133800,0,0.94,0.58,0
C1683,F898,B287,Rice,38,99864,0,0.29,1.0,0
C1684,F322,B542,Wheat,40,102440,0,0.36,0.93,0
C1685,F793,B261,Wheat,23,87607,0,0.69,0.98,0
C1686,F540,B885,Wheat,17,63869,0,0.55,0.88,0
C1687,F832,B429,Cotton,98,333984,0,0.87,0.86,0
C1688,F354,B382,Cotton,77,211981,2,0.49,0.71,0
C1689,F443,B165,Maize,51,129642,0,0.07,0.67,0
C1690,F796,B263,Maize,62,185876,0,0.44,0.98,0
C1691,F344,B414,Wheat,54,122688,0,0.65,0.75,0
C1692,F118,B706,Wheat,72,225792,3,0.51,0.33,1
C1693,F111,B376,Cotton,40,119640,0,0.18,0.51,0
C1694,F472,B832,Maize,74,168572,0,0.81,0.59,1
C1695,F770,B399,Rice,98,215796,2,0.93,0.53,1
C1696,F500,B901,Rice,15,34425,3,0.21,0.38,0
C1697,F188,B177,Wheat,62,216876,0,0.04,0.6,0
C1698,F438,B652,Wheat,89,241457,0,0.61,0.86,1
C1699,F148,B633,Wheat,44,92532,0,0.11,0.54,0
C1700,F544,B985,Maize,64,215296,0,0.53,0.88,1
C1701,F317,B186,Wheat,50,106800,0,0.48,0.89,0
C1702,F156,B756,Cotton,67,188270,0,0.76,0.78,0
C1703,F144,B865,Cotton,87,231072,1,0.67,0.53,0
C1704,F932,B545,Cotton,59,140302,3,0.09,0.69,0
C1705,F287,B451,Maize,51,157437,0,0.8,0.56,0
C1706,F453,B902,Wheat,97,341246,0,0.88,0.86,0
C1707,F544,B722,Rice,86,212850,0,0.62,0.69,0
C1708,F961,B378,Maize,41,113488,0,0.74,0.85,1
C1709,F344,B627,Rice,41,98728,0,0.58,0.92,0
C1710,F594,B546,Maize,43,112531,0,0.23,0.84,0
C1711,F814,B947,Cotton,71,192481,0,0.23,0.86,0
C1712,F399,B302,Wheat,20,41240,0,0.83,0.74,0
C1713,F832,B873,Maize,21,61593,3,0.85,0.66,1
C1714,F803,B963,Cotton,92,332120,1,0.36,0.75,1
C1715,F573,B573,Rice,14,52780,0,0.74,0.53,0
C1716,F951,B881,Rice,44,131384,0,0.68,0.85,0
C1717,F177,B762,Maize,67,135273,0,0.22,0.89,1
C1718,F552,B736,Cotton,55,145310,0,0.26,0.94,0
C1719,F563,B426,Maize,12,36036,2,0.54,0.47,1
C1720,F329,B913,Wheat,93,300018,0,0.55,0.97,0
C1721,F704,B840,Wheat,40,109360,0,0.96,0.66,1
C1722,F230,B838,Cotton,58,149582,3,0.11,0.36,0
C1723,F531,B684,Cotton,76,168264,3,1.0,0.47,0
C1724,F385,B609,Cotton,69,230874,1,0.7,0.44,0
C1725,F981,B731,Wheat,46,137862,0,0.87,0.66,1
C1726,F464,B165,Rice,60,221340,0,0.15,0.6,0
C1727,F313,B549,Cotton,60,126120,0,0.74,0.83,1
C1728,F403,B983,Maize,42,160272,0,0.06,0.9,0
C1729,F290,B330,Cotton,13,39559,3,0.81,0.38,1
C1730,F216,B901,Wheat,16,58832,0,0.19,0.57,0
C1731,F675,B279,Wheat,34,121448,0,0.06,0.52,0
C1732,F802,B208,Wheat,100,238100,2,0.07,0.79,0
C1733,F522,B187,Rice,40,128280,1,0.46,0.58,1
C1734,F932,B579,Wheat,26,90324,0,0.26,0.84,0
C1735,F662,B663,Maize,62,227664,0,0.62,0.65,0
C1736,F699,B638,Cotton,47,161539,0,0.16,0.87,1
C1737,F783,B226,Rice,98,265678,0,0.89,0.58,1
C1738,F605,B348,Wheat,48,158352,3,0.47,0.53,1
C1739,F102,B345,Wheat,65,256815,0,0.24,0.56,0
C1740,F653,B736,Maize,74,197506,0,0.16,0.68,0
C1741,F832,B446,Maize,18,68958,2,0.94,0.77,0
C1742,F909,B271,Cotton,100,211500,0,0.4,0.95,0
C1743,F768,B219,Maize,75,287025,0,0.95,0.54,1
C1744,F316,B730,Cotton,84,195636,0,0.4,0.74,1
C1745,F485,B982,Rice,29,109243,0,0.99,0.97,1
C1746,F418,B103,Cotton,83,239704,0,0.04,0.88,0
C1747,F794,B698,Cotton,50,135750,0,0.52,0.6,1
C1748,F860,B873,Wheat,31,62093,2,0.87,0.53,0
C1749,F223,B915,Maize,99,339174,0,0.17,0.76,1
C1750,F865,B510,Maize,81,284958,0,0.76,0.87,1
C1751,F958,B600,Cotton,50,143400,3,0.46,0.3,1
C1752,F846,B303,Cotton,84,188412,0,0.1,0.57,0
C1753,F742,B372,Rice,92,194028,0,0.08,0.79,0
C1754,F867,B548,Wheat,86,294722,0,0.23,0.62,1
C1755,F848,B147,Cotton,84,212436,0,0.17,0.87,0
C1756,F142,B463,Rice,39,133692,0,0.5,0.95,0
C1757,F903,B867,Rice,58,203000,0,0.84,0.83,1
C1758,F703,B189,Maize,46,161920,3,0.7,0.24,1
C1759,F104,B723,Maize,85,260355,0,0.21,0.74,1
C1760,F474,B286,Cotton,95,200640,0,0.62,0.9,0
C1761,F320,B585,Maize,57,184338,1,0.77,0.61,0
C1762,F717,B144,Maize,99,322542,0,0.26,0.66,1
C1763,F545,B262,Rice,56,123200,0,0.16,0.92,0
C1764,F438,B177,Maize,86,256366,0,0.01,0.64,0
C1765,F789,B184,Maize,67,267397,0,0.26,0.75,1
C1766,F585,B128,Wheat,10,21480,0,0.54,0.88,0
C1767,F840,B446,Cotton,69,231840,3,0.47,0.28,1
C1768,F613,B519,Wheat,45,123390,0,0.58,0.55,0
C1769,F538,B762,Maize,34,113730,0,0.63,0.53,1
C1770,F954,B514,Cotton,13,27690,0,0.11,0.65,0
C1771,F465,B231,Maize,90,220140,3,0.31,0.52,1
C1772,F352,B721,Wheat,32,94656,0,0.89,0.62,0
C1773,F718,B624,Cotton,90,194850,1,0.91,0.66,0
C1774,F197,B481,Wheat,43,158154,0,0.99,0.84,0
C1775,F600,B660,Maize,36,109620,0,0.29,0.64,0
C1776,F371,B414,Maize,57,154584,0,0.59,0.7,0
C1777,F514,B666,Cotton,33,123090,0,0.29,0.52,0
C1778,F841,B532,Maize,78,293202,0,0.13,0.71,0
C1779,F972,B124,Rice,63,170604,0,0.47,0.8,1
C1780,F853,B429,Maize,96,379968,0,0.32,0.81,0
C1781,F727,B370,Cotton,26,53586,0,0.44,0.6,1
C1782,F318,B880,Rice,79,211641,0,0.0,0.92,0
C1783,F692,B124,Rice,78,193908,0,0.05,0.52,0
C1784,F684,B133,Wheat,59,199361,2,0.23,0.63,0
C1785,F315,B432,Rice,53,125080,0,0.38,0.57,0
C1786,F756,B734,Rice,30,95040,0,1.0,0.58,1
C1787,F295,B967,Wheat,52,167908,0,0.85,0.56,0
C1788,F926,B102,Maize,72,195552,0,0.63,0.97,0
C1789,F836,B115,Cotton,29,66903,3,0.82,0.7,1
C1790,F145,B954,Wheat,80,203360,3,0.15,0.25,0
C1791,F190,B361,Wheat,49,175371,0,0.53,0.73,0
C1792,F951,B363,Rice,33,113025,0,0.5,0.75,1
C1793,F451,B250,Cotton,44,117964,2,0.77,0.6,1
C1794,F889,B148,Cotton,32,122720,0,0.93,0.73,0
C1795,F473,B229,Maize,92,282624,3,0.46,0.43,0
C1796,F196,B722,Cotton,18,60642,2,0.81,0.41,1
C1797,F332,B472,Rice,78,241956,3,0.23,0.23,1
C1798,F229,B267,Rice,72,149328,0,0.98,0.66,1
C1799,F653,B262,Cotton,36,121860,0,0.19,0.94,0
C1800,F298,B278,Maize,22,54164,0,0.27,0.93,0
C1801,F158,B381,Wheat,12,47712,0,0.4,0.71,0
C1802,F579,B937,Maize,13,51194,0,0.34,0.87,0
C1803,F746,B990,Maize,55,157960,0,0.4,0.85,1
C1804,F848,B478,Rice,18,70128,0,0.1,0.78,0
C1805,F675,B609,Rice,98,369460,1,0.92,0.76,0
C1806,F570,B299,Wheat,97,353953,0,0.63,0.94,0
C1807,F453,B302,Rice,24,80664,0,0.4,0.72,0
C1808,F237,B923,Wheat,65,190385,0,0.71,0.83,0
C1809,F472,B481,Wheat,41,116891,0,0.16,0.93,0
C1810,F109,B786,Wheat,36,89676,0,0.63,0.82,0
C1811,F558,B563,Rice,32,126944,0,0.72,0.69,0
C1812,F648,B718,Maize,49,191786,0,0.69,0.71,1
C1813,F635,B539,Cotton,69,150903,0,0.32,0.71,0
C1814,F881,B854,Cotton,60,174840,0,0.51,0.68,0
C1815,F589,B860,Maize,98,312620,0,0.18,0.51,0
C1816,F461,B997,Cotton,75,197850,3,0.39,0.22,1
C1817,F445,B409,Cotton,64,132096,0,0.95,0.86,0
C1818,F470,B507,Cotton,63,164304,0,0.79,0.74,1
C1819,F992,B793,Cotton,13,38207,0,0.75,0.84,1
C1820,F372,B467,Rice,97,361713,1,0.83,0.67,0
C1821,F254,B727,Rice,11,25905,0,0.43,0.84,1
C1822,F992,B768,Maize,63,139167,0,0.57,0.6,1
C1823,F730,B128,Cotton,27,90936,0,0.62,0.55,0
C1824,F873,B515,Wheat,14,41412,0,0.48,0.65,0
C1825,F397,B997,Maize,10,26050,0,0.1,0.96,1
C1826,F364,B226,Wheat,51,201807,0,0.58,0.54,0
C1827,F858,B130,Rice,47,171174,0,0.2,0.64,1
C1828,F263,B929,Maize,58,117798,0,0.06,0.52,1
C1829,F609,B644,Wheat,75,198600,2,0.33,0.78,0
C1830,F615,B317,Wheat,36,76284,0,0.53,0.81,0
C1831,F670,B614,Cotton,81,301482,0,0.6,0.7,0
C1832,F293,B456,Rice,80,208080,1,0.46,0.4,1
C1833,F254,B319,Rice,64,221376,0,0.5,0.99,1
C1834,F940,B298,Cotton,28,59136,0,0.2,0.69,1
C1835,F171,B328,Maize,81,257175,0,0.6,0.93,1
C1836,F380,B330,Cotton,65,144820,3,0.96,0.46,0
C1837,F314,B650,Cotton,65,197015,0,0.1,0.94,1
C1838,F635,B963,Wheat,73,214985,0,0.77,0.87,0
C1839,F775,B141,Wheat,24,74544,0,0.69,0.67,0
C1840,F192,B200,Wheat,42,89208,0,0.19,0.99,0
C1841,F682,B281,Maize,93,338613,2,0.83,0.76,1
C1842,F657,B760,Wheat,59,179596,0,0.61,0.52,1
C1843,F359,B683,Rice,62,197842,0,0.84,0.75,1
C1844,F543,B428,Cotton,49,129213,2,0.31,0.62,0
C1845,F288,B166,Rice,63,212625,0,0.36,0.91,0
C1846,F605,B182,Maize,79,259278,0,0.23,0.59,1
C1847,F959,B659,Rice,81,258552,0,0.46,0.75,1
C1848,F108,B306,Wheat,87,185745,0,0.66,0.74,0
C1849,F194,B998,Wheat,22,80278,0,0.28,0.87,1
C1850,F827,B840,Maize,63,190449,0,0.07,0.61,1
C1851,F582,B184,Maize,58,219994,0,0.57,0.99,0
C1852,F453,B100,Cotton,20,64700,2,0.78,0.43,0
C1853,F935,B892,Cotton,13,33748,0,0.46,0.87,1
C1854,F604,B862,Wheat,45,139770,0,0.82,0.62,1
C1855,F419,B437,Rice,36,132300,1,0.75,0.72,0
C1856,F557,B608,Rice,51,148461,0,0.08,0.95,0
C1857,F104,B298,Cotton,66,141174,0,0.73,0.56,1
C1858,F570,B367,Cotton,34,102408,0,0.62,0.89,0
C1859,F409,B143,Wheat,35,90090,0,0.74,0.77,1
C1860,F673,B407,Cotton,47,136018,0,0.37,0.65,0
C1861,F399,B680,Rice,56,210168,1,0.42,0.87,0
C1862,F666,B347,Cotton,39,132015,0,0.84,0.93,0
C1863,F899,B425,Rice,36,122508,0,0.26,0.63,0
C1864,F421,B372,Rice,14,47880,0,0.05,0.91,0
C1865,F174,B321,Rice,45,135000,0,0.88,0.95,0
C1866,F957,B374,Wheat,32,111616,0,0.53,0.61,0
C1867,F552,B490,Cotton,88,333872,0,0.56,0.73,0
C1868,F129,B962,Cotton,82,239850,3,0.5,0.25,0
C1869,F130,B508,Maize,19,60477,0,0.05,0.85,0
C1870,F357,B776,Wheat,20,79760,0,0.68,0.91,0
C1871,F883,B169,Wheat,62,161758,0,0.98,0.84,0
C1872,F187,B555,Rice,83,250909,0,0.96,0.67,1
C1873,F924,B259,Wheat,74,289932,0,0.85,0.68,1
C1874,F356,B515,Rice,36,125496,1,0.46,0.66,0
C1875,F126,B101,Wheat,38,133760,3,0.89,0.22,0
C1876,F186,B194,Maize,80,184800,2,0.57,0.79,0
C1877,F996,B143,Rice,22,71368,3,0.47,0.61,0
C1878,F153,B710,Rice,85,302260,0,0.1,0.54,0
C1879,F432,B129,Rice,88,232408,0,0.06,0.7,1
C1880,F398,B455,Maize,11,22011,0,0.22,0.73,0
C1881,F622,B647,Wheat,69,234048,3,0.22,0.34,1
C1882,F997,B887,Rice,79,283926,0,0.7,0.78,1
C1883,F442,B804,Maize,31,69068,0,0.95,0.67,0
C1884,F964,B576,Cotton,29,102660,0,0.72,0.62,1
C1885,F457,B718,Wheat,95,310840,0,0.87,0.77,1
C1886,F710,B865,Cotton,51,132141,0,0.24,0.62,0
C1887,F474,B702,Rice,70,177660,0,0.55,0.55,1
C1888,F749,B491,Maize,76,266000,0,0.62,0.88,1
C1889,F307,B473,Cotton,95,312550,0,0.33,0.95,0
C1890,F201,B968,Maize,47,171080,0,0.56,0.52,0
C1891,F110,B437,Cotton,60,169560,0,0.92,0.53,0
C1892,F152,B318,Maize,68,250240,0,0.64,0.77,0
C1893,F610,B234,Rice,75,213675,0,0.52,0.52,1
C1894,F122,B744,Rice,42,117264,0,0.56,0.68,1
C1895,F571,B593,Wheat,70,146090,0,0.82,0.88,0
C1896,F392,B904,Maize,20,58520,0,0.63,0.77,0
C1897,F171,B470,Wheat,81,185814,0,0.91,0.61,0
C1898,F734,B339,Wheat,67,189074,0,0.8,0.98,1
C1899,F275,B746,Rice,98,227458,0,0.48,0.81,0
C1900,F868,B986,Maize,22,81928,0,0.87,0.88,0
C1901,F252,B274,Wheat,69,173259,1,0.76,0.43,0
C1902,F140,B854,Cotton,40,148480,0,0.8,0.63,1
C1903,F718,B955,Wheat,88,326128,0,0.87,0.63,1
C1904,F633,B393,Cotton,66,248622,0,0.57,0.79,0
C1905,F904,B586,Wheat,69,193752,0,0.41,0.74,0
C1906,F888,B676,Maize,49,150969,0,0.07,0.96,0
C1907,F506,B938,Maize,56,133280,0,0.05,0.87,0
C1908,F948,B208,Cotton,31,68975,0,0.46,0.55,1
C1909,F682,B433,Cotton,33,82830,0,0.46,0.51,1
C1910,F601,B223,Maize,20,50460,0,0.79,0.75,1
C1911,F761,B387,Cotton,100,306700,0,0.78,0.56,1
C1912,F236,B848,Maize,53,179458,0,0.19,0.94,0
C1913,F644,B360,Cotton,31,87792,0,0.93,0.6,0
C1914,F676,B669,Cotton,36,72648,0,0.38,0.65,1
C1915,F280,B857,Rice,45,149535,0,0.31,0.94,0
C1916,F883,B444,Cotton,47,126477,0,0.49,0.72,0
C1917,F635,B647,Cotton,99,244332,0,0.92,0.75,1
C1918,F632,B408,Rice,71,232241,2,0.62,0.72,0
C1919,F455,B965,Maize,96,322368,1,0.06,0.62,0
C1920,F804,B180,Rice,34,132736,0,0.83,0.97,0
C1921,F636,B848,Maize,31,80135,0,0.69,0.92,1
C1922,F469,B722,Wheat,30,89070,0,0.41,0.7,0
C1923,F558,B842,Wheat,17,34187,0,0.83,0.89,0
C1924,F745,B423,Maize,58,165474,0,0.43,0.84,1
C1925,F599,B633,Cotton,12,41616,0,0.82,0.73,0
C1926,F898,B441,Wheat,98,241570,3,0.62,0.4,1
C1927,F659,B539,Cotton,42,100086,0,1.0,0.54,1
C1928,F300,B689,Cotton,73,196735,0,0.6,0.68,0
C1929,F665,B445,Maize,66,263802,0,0.79,0.8,1
C1930,F790,B712,Wheat,29,91756,0,0.81,0.94,0
C1931,F804,B624,Maize,91,223769,0,0.43,0.62,1
C1932,F625,B566,Maize,16,63936,0,0.97,0.75,0
C1933,F147,B550,Rice,34,80410,0,0.5,0.83,0
C1934,F243,B407,Cotton,91,348985,2,0.67,0.58,0
C1935,F112,B111,Cotton,13,33267,3,0.86,0.24,1
C1936,F509,B880,Rice,38,96178,0,0.16,0.92,0
C1937,F295,B688,Wheat,89,209684,0,0.47,0.7,1
C1938,F723,B664,Maize,57,117534,0,0.73,0.71,0
C1939,F390,B742,Cotton,13,29328,3,0.44,0.36,0
C1940,F122,B239,Maize,46,102212,0,0.2,0.93,0
C1941,F875,B550,Cotton,64,207872,0,0.04,0.74,0
C1942,F881,B770,Cotton,90,233820,0,0.34,0.92,0
C1943,F174,B785,Cotton,84,225288,0,0.83,0.57,0
C1944,F277,B196,Rice,100,269200,0,0.49,0.54,0
C1945,F729,B672,Wheat,81,172044,0,0.9,0.63,1
C1946,F339,B389,Rice,38,104310,3,0.89,0.61,1
C1947,F206,B345,Rice,54,122796,0,0.23,1.0,0
C1948,F874,B590,Rice,17,61251,0,0.8,0.7,0
C1949,F271,B343,Wheat,21,50400,2,0.26,0.52,1
C1950,F133,B238,Rice,79,193155,0,0.84,0.86,0
C1951,F864,B338,Cotton,28,80304,0,0.9,0.63,0
C1952,F699,B343,Cotton,41,87002,1,0.28,0.77,0
C1953,F886,B383,Maize,29,115275,1,0.95,0.79,0
C1954,F950,B245,Wheat,54,117828,0,0.83,0.7,0
C1955,F485,B406,Rice,15,48345,2,0.18,0.47,0
C1956,F320,B853,Wheat,45,139905,0,0.79,0.77,1
C1957,F439,B936,Rice,53,207495,0,0.93,0.98,0
C1958,F759,B667,Wheat,59,177413,0,0.54,0.71,0
C1959,F629,B372,Wheat,19,51566,0,0.17,0.68,0
C1960,F321,B316,Rice,90,241290,0,0.72,0.56,0
C1961,F794,B596,Cotton,92,192556,0,0.08,0.54,0
C1962,F383,B129,Cotton,18,63918,0,0.17,0.82,1
C1963,F777,B170,Cotton,68,156400,3,0.53,0.21,1
C1964,F261,B837,Cotton,75,152775,0,0.21,0.72,0
C1965,F873,B672,Rice,96,224352,2,0.79,0.57,0
C1966,F533,B404,Cotton,64,206528,0,0.36,0.77,1
C1967,F554,B644,Cotton,24,63936,0,0.04,0.61,0
C1968,F836,B492,Rice,67,175607,0,1.0,0.72,1
C1969,F335,B418,Cotton,87,219327,0,0.29,0.73,0
C1970,F666,B976,Rice,62,234856,1,0.81,0.69,1
C1971,F624,B636,Cotton,42,119406,0,0.7,0.81,0
C1972,F242,B268,Cotton,87,210279,0,0.42,0.7,0
C1973,F965,B823,Maize,58,141520,0,0.41,0.75,0
C1974,F249,B794,Maize,95,286140,0,0.55,0.59,0
C1975,F291,B188,Maize,19,70490,0,0.01,0.58,0
C1976,F346,B969,Maize,100,297500,0,0.07,0.63,0
C1977,F124,B828,Maize,59,152043,0,0.42,0.63,0
C1978,F456,B979,Cotton,11,42658,3,0.28,0.43,0
C1979,F864,B681,Rice,44,171248,0,0.08,0.96,0
C1980,F265,B109,Rice,69,213486,0,0.9,0.76,0
C1981,F967,B957,Rice,90,213030,0,0.19,0.92,0
C1982,F912,B904,Rice,68,226576,0,0.54,0.79,0
C1983,F575,B821,Rice,28,73248,0,0.73,0.77,1
C1984,F146,B645,Rice,44,158092,2,0.81,0.38,1
C1985,F681,B187,Wheat,42,84714,0,0.07,0.84,0
C1986,F935,B391,Cotton,64,251072,2,0.62,0.55,1
C1987,F357,B714,Cotton,63,216594,1,0.61,0.76,1
C1988,F788,B715,Wheat,64,161024,3,0.91,0.26,1
C1989,F183,B929,Maize,23,81098,0,0.33,0.89,0
C1990,F613,B519,Maize,13,47996,0,0.83,0.66,0
C1991,F806,B937,Cotton,39,153465,0,0.21,0.52,1
C1992,F458,B759,Wheat,55,202840,3,0.71,0.47,1
C1993,F776,B417,Maize,22,67870,0,0.48,0.51,0
C1994,F909,B889,Rice,68,199104,0,0.79,0.68,0
C1995,F362,B868,Wheat,73,224548,3,0.11,0.42,1
C1996,F616,B799,Maize,24,75072,2,0.53,0.72,0
C1997,F308,B704,Cotton,72,208872,0,0.6,0.87,0
C1998,F594,B516,Wheat,52,202904,0,0.24,0.86,1
C1999,F269,B696,Wheat,13,27976,0,0.77,0.92,1
